,YEAR,MONTH_NAME,BEGIN_DAY,STATE,BEGIN_DATE_TIME,END_DATE_TIME,INJURIES_DIRECT,DEATHS_DIRECT,DAMAGE_PROPERTY,DAMAGE_CROPS,TOR_F_SCALE,TOR_LENGTH,TOR_WIDTH,BEGIN_RANGE,BEGIN_LAT,BEGIN_LON,Region,BEGIN_DATE
0,2019,January,8,PENNSYLVANIA,2019-01-08 11:25:00,2019-01-08 11:28:00,0,0,5.00K,0.00K,EF1,2.8,400.0,2.0,41.44,-80.06,NORTHEAST,2019-01-08
1,2020,February,7,MARYLAND,2020-02-07 07:28:00,2020-02-07 07:29:00,0,0,92.00K,0.00K,EF1,1.11,150.0,2.0,39.1763,-77.4827,NORTHEAST,2020-02-07
2,2021,March,26,VERMONT,2021-03-26 12:40:00,2021-03-26 12:41:00,2,0,75.00K,0.00K,EF1,0.65,75.0,1.0,44.0267,-73.1449,NORTHEAST,2021-03-26
3,2021,April,21,CONNECTICUT,2021-04-21 13:49:00,2021-04-21 13:51:00,0,0,2.00K,5.00K,EF0,1.0,30.0,1.0,41.6877,-73.5052,NORTHEAST,2021-04-21
4,2021,April,21,NEW YORK,2021-04-21 13:49:00,2021-04-21 13:51:00,0,0,45.00K,0,EF1,0.64,100.0,1.0,41.8413,-73.5582,NORTHEAST,2021-04-21
5,2019,April,14,PENNSYLVANIA,2019-04-14 17:48:00,2019-04-14 17:49:00,0,0,50.00K,0.00K,EF0,0.4,100.0,0.0,41.798,-80.3734,NORTHEAST,2019-04-14
6,2019,April,15,MARYLAND,2019-04-15 02:31:00,2019-04-15 02:32:00,0,0,15.00K,0.00K,EF0,0.5,100.0,1.0,38.65,-75.76,NORTHEAST,2019-04-15
7,2022,May,20,NEW JERSEY,2022-05-20 16:09:00,2022-05-20 16:10:00,0,0,0,0.00K,EF0,0.84,225.0,1.0,40.415,-74.211,NORTHEAST,2022-05-20
8,2019,May,28,PENNSYLVANIA,2019-05-28 16:53:00,2019-05-28 17:00:00,0,0,0.00K,0.00K,EF2,2.8,400.0,1.0,40.1576,-75.905,NORTHEAST,2019-05-28
9,2019,May,23,MARYLAND,2019-05-23 14:27:00,2019-05-23 14:36:00,1,0,0,0,EF1,5.53,150.0,2.0,39.2072,-76.9451,NORTHEAST,2019-05-23
10,2023,June,16,NEW JERSEY,2023-06-16 11:55:00,2023-06-16 12:01:00,0,0,0.00K,0.00K,EF0,3.4,200.0,1.0,39.9291,-74.6873,NORTHEAST,2023-06-16
11,2023,June,26,PENNSYLVANIA,2023-06-26 13:58:00,2023-06-26 14:04:00,0,0,0.00K,0.00K,EF0,3.37,60.0,2.0,40.7904,-75.1453,NORTHEAST,2023-06-26
12,2019,June,16,PENNSYLVANIA,2019-06-16 16:03:00,2019-06-16 16:05:00,0,0,0,0,EF1,1.14,150.0,2.0,41.227,-80.519,NORTHEAST,2019-06-16
13,2021,July,1,DELAWARE,2021-07-01 15:52:00,2021-07-01 15:55:00,0,0,0,0,EF1,3.85,50.0,1.0,38.8892,-75.5826,NORTHEAST,2021-07-01
14,2023,July,2,PENNSYLVANIA,2023-07-02 15:25:00,2023-07-02 15:33:00,0,0,0.00K,0.00K,EF1,2.37,150.0,2.0,40.9921,-76.8825,NORTHEAST,2023-07-02
15,2021,July,29,PENNSYLVANIA,2021-07-29 13:25:00,2021-07-29 13:28:00,0,0,0.00K,0.00K,EF1,0.21,65.0,3.0,40.0099,-79.2367,NORTHEAST,2021-07-29
16,2021,July,17,NEW JERSEY,2021-07-17 21:25:00,2021-07-17 21:36:00,0,0,0,0.00K,EF1,7.75,300.0,2.0,40.051,-74.722,NORTHEAST,2021-07-17
17,2021,July,8,NEW YORK,2021-07-08 18:30:00,2021-07-08 18:36:00,0,0,107.50K,50.00K,EF1,2.16,100.0,1.0,43.3,-75.39,NORTHEAST,2021-07-08
18,2020,August,7,DELAWARE,2020-08-07 16:40:00,2020-08-07 16:51:00,0,0,0,0,EF1,4.17,450.0,1.0,39.7966,-75.6582,NORTHEAST,2020-08-07
19,2019,August,7,NEW JERSEY,2019-08-07 15:33:00,2019-08-07 15:34:00,0,0,0,0,EF0,0.33,25.0,1.0,40.2139,-74.5485,NORTHEAST,2019-08-07
20,2020,August,4,NEW JERSEY,2020-08-04 08:45:00,2020-08-04 08:50:00,0,0,0,0,EF1,4.24,150.0,1.0,39.2094,-74.6479,NORTHEAST,2020-08-04
21,2023,August,7,NEW YORK,2023-08-07 18:27:00,2023-08-07 18:30:00,0,0,5.00K,0.00K,EFU,0.85,100.0,2.0,43.54,-75.7,NORTHEAST,2023-08-07
22,2021,August,18,PENNSYLVANIA,2021-08-18 20:15:00,2021-08-18 20:18:00,0,0,0,0.00K,EF1,1.07,125.0,0.0,40.525,-76.001,NORTHEAST,2021-08-18
23,2020,August,22,NEW HAMPSHIRE,2020-08-22 11:45:00,2020-08-22 11:50:00,0,0,0.00K,0.00K,EF0,1.54,50.0,2.0,43.5666,-71.2714,NORTHEAST,2020-08-22
24,2021,August,19,NEW JERSEY,2021-08-19 01:38:00,2021-08-19 01:40:00,0,0,0,0.00K,EF0,0.87,50.0,0.0,40.902,-74.533,NORTHEAST,2021-08-19
25,2021,September,9,CONNECTICUT,2021-09-09 03:10:00,2021-09-09 03:11:00,0,0,40.00K,0.00K,EF0,0.75,75.0,1.0,41.75,-72.299,NORTHEAST,2021-09-09
26,2023,September,13,MASSACHUSETTS,2023-09-13 16:22:00,2023-09-13 16:25:00,0,0,5.00K,0.00K,EF0,0.07,70.0,1.0,41.9793,-71.3579,NORTHEAST,2023-09-13
27,2019,September,2,NEW YORK,2019-09-02 15:33:00,2019-09-02 15:38:00,0,0,75.00K,0.00K,EF0,1.63,50.0,2.0,40.8417,-72.8313,NORTHEAST,2019-09-02
28,2020,October,7,MASSACHUSETTS,2020-10-07 16:50:00,2020-10-07 16:51:00,0,0,6.00K,0.00K,EF0,0.53,50.0,2.0,42.1842,-71.3733,NORTHEAST,2020-10-07
29,2021,November,13,NEW YORK,2021-11-13 15:40:00,2021-11-13 15:42:00,0,0,100.00K,0.00K,EF0,1.28,35.0,1.0,40.7868,-72.9423,NORTHEAST,2021-11-13
30,2021,March,14,NEBRASKA,2021-03-14 13:33:00,2021-03-14 13:37:00,0,0,0.00K,0.00K,EFU,0.42,50.0,1.0,40.1675,-101.0498,NORTHERN ROCKIES AND PLAINS,2021-03-14
31,2022,April,23,SOUTH DAKOTA,2022-04-23 13:35:00,2022-04-23 13:36:00,0,0,0.00K,0.00K,EF0,0.03,10.0,7.0,45.58,-99.33,NORTHERN ROCKIES AND PLAINS,2022-04-23
32,2023,May,27,NEBRASKA,2023-05-27 17:06:00,2023-05-27 17:06:00,0,0,0,0,EFU,0.5,50.0,3.0,41.26,-103.93,NORTHERN ROCKIES AND PLAINS,2023-05-27
33,2021,May,23,SOUTH DAKOTA,2021-05-23 14:50:00,2021-05-23 14:55:00,0,0,0.00K,0.00K,EFU,2.13,10.0,6.0,45.3,-102.19,NORTHERN ROCKIES AND PLAINS,2021-05-23
34,2021,May,24,SOUTH DAKOTA,2021-05-24 19:36:00,2021-05-24 19:41:00,0,0,0.00K,0.00K,EFU,3.25,25.0,1.0,43.983,-97.366,NORTHERN ROCKIES AND PLAINS,2021-05-24
35,2022,May,7,SOUTH DAKOTA,2022-05-07 19:37:00,2022-05-07 19:37:00,0,0,0,0,EF0,0.01,10.0,1.0,45.6,-98.31,NORTHERN ROCKIES AND PLAINS,2022-05-07
36,2022,May,17,NORTH DAKOTA,2022-05-17 18:47:00,2022-05-17 18:49:00,0,0,0.00K,0.00K,EFU,0.33,50.0,5.0,48.86,-100.83,NORTHERN ROCKIES AND PLAINS,2022-05-17
37,2023,May,9,MONTANA,2023-05-09 16:30:00,2023-05-09 17:00:00,0,0,2.00K,0.00K,EF0,0.47,15.0,2.0,47.361,-114.055,NORTHERN ROCKIES AND PLAINS,2023-05-09
38,2021,May,15,SOUTH DAKOTA,2021-05-15 11:54:00,2021-05-15 11:59:00,0,0,0.00K,0.00K,EFU,1.29,25.0,4.0,42.966,-97.121,NORTHERN ROCKIES AND PLAINS,2021-05-15
39,2023,June,2,NEBRASKA,2023-06-02 15:53:00,2023-06-02 15:58:00,0,0,400.00K,1.50M,EF0,4.17,40.0,3.0,41.16,-98.04,NORTHERN ROCKIES AND PLAINS,2023-06-02
40,2022,June,6,NEBRASKA,2022-06-06 13:29:00,2022-06-06 13:29:00,0,0,0.00K,0.00K,EFU,0.05,20.0,1.0,41.85,-98.1,NORTHERN ROCKIES AND PLAINS,2022-06-06
41,2022,June,12,WYOMING,2022-06-12 15:35:00,2022-06-12 15:45:00,0,0,0,0,EF2,2.13,360.0,4.0,43.5884,-110.5228,NORTHERN ROCKIES AND PLAINS,2022-06-12
42,2023,June,1,SOUTH DAKOTA,2023-06-01 13:45:00,2023-06-01 13:45:00,0,0,0.00K,0.00K,EF0,0.01,10.0,6.0,45.461,-97.04,NORTHERN ROCKIES AND PLAINS,2023-06-01
43,2023,June,10,MONTANA,2023-06-10 13:09:00,2023-06-10 13:15:00,0,0,0,0,EFU,2.11,60.0,10.0,48.4065,-110.1916,NORTHERN ROCKIES AND PLAINS,2023-06-10
44,2023,June,7,NORTH DAKOTA,2023-06-07 18:44:00,2023-06-07 18:44:00,0,0,0,0,EFU,0.01,10.0,9.0,45.9378,-97.0886,NORTHERN ROCKIES AND PLAINS,2023-06-07
45,2022,June,24,NORTH DAKOTA,2022-06-24 15:52:00,2022-06-24 15:53:00,0,0,0.00K,0.00K,EF0,0.69,100.0,3.0,47.86,-98.49,NORTHERN ROCKIES AND PLAINS,2022-06-24
46,2020,June,20,SOUTH DAKOTA,2020-06-20 19:09:00,2020-06-20 19:10:00,0,0,0.00K,0.00K,EF0,0.18,10.0,3.0,45.0405,-98.0404,NORTHERN ROCKIES AND PLAINS,2020-06-20
47,2022,June,7,WYOMING,2022-06-07 13:21:00,2022-06-07 13:27:00,0,0,0,0,EF1,3.5,225.0,5.0,42.6999,-104.2002,NORTHERN ROCKIES AND PLAINS,2022-06-07
48,2021,June,10,NORTH DAKOTA,2021-06-10 16:32:00,2021-06-10 16:38:00,0,0,0.00K,0.00K,EFU,1.01,100.0,15.0,47.64,-103.87,NORTHERN ROCKIES AND PLAINS,2021-06-10
49,2019,July,16,WYOMING,2019-07-16 18:34:00,2019-07-16 18:44:00,0,0,0.00K,0.00K,EF0,1.19,10.0,4.0,44.2704,-105.1142,NORTHERN ROCKIES AND PLAINS,2019-07-16
50,2019,July,8,NEBRASKA,2019-07-08 17:38:00,2019-07-08 17:38:00,0,0,0.00K,0.00K,EF0,0.01,25.0,3.0,40.4266,-98.55,NORTHERN ROCKIES AND PLAINS,2019-07-08
51,2023,July,3,SOUTH DAKOTA,2023-07-03 15:04:00,2023-07-03 15:15:00,0,0,0,0,EF0,1.16,40.0,5.0,43.012,-97.685,NORTHERN ROCKIES AND PLAINS,2023-07-03
52,2020,July,7,MONTANA,2020-07-07 15:10:00,2020-07-07 15:15:00,0,0,0.00K,0.00K,EF0,0.15,50.0,8.0,47.1774,-108.5215,NORTHERN ROCKIES AND PLAINS,2020-07-07
53,2021,July,3,NEBRASKA,2021-07-03 16:16:00,2021-07-03 16:16:00,0,0,0.00K,0.00K,EFU,0.1,10.0,2.0,42.79,-102.31,NORTHERN ROCKIES AND PLAINS,2021-07-03
54,2019,July,4,SOUTH DAKOTA,2019-07-04 19:21:00,2019-07-04 19:22:00,0,0,0,0.00K,EF1,0.3,200.0,7.0,44.138,-103.86,NORTHERN ROCKIES AND PLAINS,2019-07-04
55,2021,July,6,MONTANA,2021-07-06 17:11:00,2021-07-06 17:20:00,0,0,0,0,EFU,4.89,30.0,8.0,48.038,-108.84,NORTHERN ROCKIES AND PLAINS,2021-07-06
56,2023,July,7,NORTH DAKOTA,2023-07-07 12:30:00,2023-07-07 12:31:00,0,0,0.00K,0.00K,EFU,0.17,40.0,22.0,46.25,-99.03,NORTHERN ROCKIES AND PLAINS,2023-07-07
57,2023,August,5,NEBRASKA,2023-08-05 18:53:00,2023-08-05 18:53:00,0,0,0,0,EFU,0.1,25.0,1.0,41.71,-96.71,NORTHERN ROCKIES AND PLAINS,2023-08-05
58,2019,August,23,WYOMING,2019-08-23 15:22:00,2019-08-23 15:25:00,0,0,0.00K,0.00K,EF0,0.83,30.0,2.0,42.93,-106.35,NORTHERN ROCKIES AND PLAINS,2019-08-23
59,2020,August,30,SOUTH DAKOTA,2020-08-30 17:03:00,2020-08-30 17:13:00,0,1,0,0,EF2,1.6,300.0,7.0,44.709,-98.9875,NORTHERN ROCKIES AND PLAINS,2020-08-30
60,2021,August,22,NORTH DAKOTA,2021-08-22 17:02:00,2021-08-22 17:03:00,0,0,0,0,EF0,0.31,25.0,1.0,48.06,-98.8553,NORTHERN ROCKIES AND PLAINS,2021-08-22
61,2020,August,28,SOUTH DAKOTA,2020-08-28 00:26:00,2020-08-28 00:27:00,0,0,0,33.00K,EFU,0.36,25.0,4.0,44.4357,-97.6567,NORTHERN ROCKIES AND PLAINS,2020-08-28
62,2023,August,8,NEBRASKA,2023-08-08 15:50:00,2023-08-08 15:50:00,0,0,0.00K,0.00K,EFU,0.05,25.0,7.0,41.7,-102.84,NORTHERN ROCKIES AND PLAINS,2023-08-08
63,2019,September,10,WYOMING,2019-09-10 14:09:00,2019-09-10 14:14:00,0,0,0,0,EFU,2.42,30.0,1.0,42.31,-104.7,NORTHERN ROCKIES AND PLAINS,2019-09-10
64,2021,October,9,SOUTH DAKOTA,2021-10-09 16:31:00,2021-10-09 16:31:00,0,0,0,0,EF0,0.01,10.0,2.0,45.52,-97.52,NORTHERN ROCKIES AND PLAINS,2021-10-09
65,2021,December,15,NEBRASKA,2021-12-15 15:41:00,2021-12-15 15:42:00,0,0,0,0,EF1,0.36,50.0,3.0,41.89,-96.79,NORTHERN ROCKIES AND PLAINS,2021-12-15
66,2020,March,31,WASHINGTON,2020-03-31 13:30:00,2020-03-31 13:45:00,0,0,0.00K,0.00K,EF0,0.1,20.0,0.0,46.33,-119.28,NORTHWEST,2020-03-31
67,2023,May,26,IDAHO,2023-05-26 17:45:00,2023-05-26 18:45:00,0,0,0,0,EF0,0.95,3.0,1.0,43.71,-116.47,NORTHWEST,2023-05-26
68,2022,May,6,WASHINGTON,2022-05-06 19:03:00,2022-05-06 19:06:00,0,0,10.00K,0,EF0,0.59,50.0,3.0,47.6576,-117.529,NORTHWEST,2022-05-06
69,2019,June,2,IDAHO,2019-06-02 14:48:00,2019-06-02 15:00:00,0,0,0.00K,0.00K,EF0,1.0,45.0,24.0,43.25,-111.7931,NORTHWEST,2019-06-02
70,2023,July,10,WASHINGTON,2023-07-10 14:45:00,2023-07-10 15:00:00,0,0,0.00K,0.00K,EF0,0.9,40.0,3.0,47.7504,-118.7593,NORTHWEST,2023-07-10
71,2019,August,2,IDAHO,2019-08-02 12:55:00,2019-08-02 13:05:00,0,0,0.00K,0.00K,EF0,1.0,10.0,12.0,42.6165,-113.5521,NORTHWEST,2019-08-02
72,2021,September,27,WASHINGTON,2021-09-27 18:06:00,2021-09-27 18:21:00,0,0,40.00K,0,EF0,3.9,240.0,0.0,45.7804,-122.5982,NORTHWEST,2021-09-27
73,2023,October,11,WASHINGTON,2023-10-11 14:40:00,2023-10-11 14:41:00,0,0,0.00K,1.00K,EF0,0.5,100.0,1.0,45.8755,-122.6892,NORTHWEST,2023-10-11
74,2023,November,5,OREGON,2023-11-05 12:59:00,2023-11-05 13:04:00,0,0,0.00K,0.00K,EF0,0.23,75.0,2.0,44.3983,-118.9123,NORTHWEST,2023-11-05
75,2020,January,11,KENTUCKY,2020-01-11 07:19:00,2020-01-11 07:23:00,0,0,80.00K,0.00K,EF1,2.98,200.0,2.0,37.0565,-87.6518,OHIO VALLEY,2020-01-11
76,2023,January,3,TENNESSEE,2023-01-03 02:24:00,2023-01-03 02:27:00,0,0,35.00K,0.00K,EF0,2.39,100.0,1.0,35.545,-89.287,OHIO VALLEY,2023-01-03
77,2023,January,3,ILLINOIS,2023-01-03 16:33:00,2023-01-03 16:34:00,0,0,0.00K,0.00K,EF0,0.32,25.0,4.0,40.0109,-89.0144,OHIO VALLEY,2023-01-03
78,2022,February,22,KENTUCKY,2022-02-22 06:28:00,2022-02-22 06:30:00,0,0,50.00K,0.00K,EF0,0.69,100.0,2.0,36.5285,-89.0568,OHIO VALLEY,2022-02-22
79,2021,February,28,KENTUCKY,2021-02-28 21:22:00,2021-02-28 21:23:00,0,0,40.00K,0.00K,EF1,0.06,60.0,2.0,36.794,-85.021,OHIO VALLEY,2021-02-28
80,2020,March,24,TENNESSEE,2020-03-24 18:16:00,2020-03-24 18:25:00,0,0,0,0,EF1,4.76,175.0,1.0,35.2211,-86.0098,OHIO VALLEY,2020-03-24
81,2023,March,31,KENTUCKY,2023-03-31 23:30:00,2023-03-31 23:33:00,0,0,0,0.00K,EF1,2.67,130.0,1.0,38.2696,-85.4967,OHIO VALLEY,2023-03-31
82,2023,March,31,ILLINOIS,2023-03-31 18:13:00,2023-03-31 18:21:00,0,0,0.00K,0.00K,EF1,7.75,75.0,1.0,41.6381,-89.2287,OHIO VALLEY,2023-03-31
83,2022,March,6,INDIANA,2022-03-06 02:05:00,2022-03-06 02:06:00,0,0,15.00K,0.00K,EF0,0.41,25.0,4.0,40.8219,-86.5484,OHIO VALLEY,2022-03-06
84,2023,March,31,INDIANA,2023-03-31 21:13:00,2023-03-31 21:16:00,0,0,0,0.00K,EF1,1.73,300.0,4.0,40.815,-86.5572,OHIO VALLEY,2023-03-31
85,2022,March,6,MISSOURI,2022-03-06 17:35:00,2022-03-06 17:36:00,0,0,0.00K,0.00K,EF0,0.1,50.0,3.0,36.5866,-90.4501,OHIO VALLEY,2022-03-06
86,2022,March,30,INDIANA,2022-03-30 17:59:00,2022-03-30 18:00:00,0,0,10.00K,0.00K,EF1,1.01,75.0,3.0,38.0666,-87.7176,OHIO VALLEY,2022-03-30
87,2022,March,18,INDIANA,2022-03-18 19:06:00,2022-03-18 19:14:00,0,0,0,0.00K,EF1,5.5,200.0,2.0,38.556,-86.178,OHIO VALLEY,2022-03-18
88,2022,March,7,INDIANA,2022-03-07 04:09:00,2022-03-07 04:11:00,0,0,100.00K,0.00K,EF0,1.28,100.0,1.0,39.1406,-85.2964,OHIO VALLEY,2022-03-07
89,2023,April,5,ILLINOIS,2023-04-05 03:48:00,2023-04-05 03:53:00,0,0,0.00K,0.00K,EF0,3.12,50.0,2.0,41.21,-90.32,OHIO VALLEY,2023-04-05
90,2022,April,13,KENTUCKY,2022-04-13 16:22:00,2022-04-13 16:23:00,0,0,0.00K,0.00K,EF0,0.14,30.0,2.0,37.0107,-87.5425,OHIO VALLEY,2022-04-13
91,2022,April,24,ILLINOIS,2022-04-24 16:49:00,2022-04-24 16:50:00,0,0,0.00K,0.00K,EF1,0.89,50.0,3.0,39.6236,-89.2993,OHIO VALLEY,2022-04-24
92,2022,April,30,MISSOURI,2022-04-30 16:02:00,2022-04-30 16:03:00,0,0,30.00K,0.00K,EF0,0.1,50.0,1.0,37.7626,-89.9291,OHIO VALLEY,2022-04-30
93,2020,April,8,KENTUCKY,2020-04-08 21:47:00,2020-04-08 21:50:00,0,0,10.00K,0.00K,EF0,3.01,150.0,2.0,38.6748,-84.552,OHIO VALLEY,2020-04-08
94,2021,April,8,TENNESSEE,2021-04-08 17:07:00,2021-04-08 17:10:00,0,0,0,0,EF0,2.63,200.0,1.0,36.3112,-84.4537,OHIO VALLEY,2021-04-08
95,2019,April,12,KENTUCKY,2019-04-12 05:45:00,2019-04-12 05:54:00,0,0,100.00K,0.00K,EF1,8.3,300.0,1.0,38.3237,-85.5185,OHIO VALLEY,2019-04-12
96,2019,May,23,MISSOURI,2019-05-23 00:51:00,2019-05-23 01:10:00,0,0,155.00K,0.00K,EF1,9.79,440.0,7.0,37.715,-92.412,OHIO VALLEY,2019-05-23
97,2021,May,4,KENTUCKY,2021-05-04 02:31:00,2021-05-04 02:38:00,0,0,350.00K,0.00K,EF1,5.25,100.0,1.0,36.661,-89.089,OHIO VALLEY,2021-05-04
98,2021,May,3,ILLINOIS,2021-05-03 16:27:00,2021-05-03 16:28:00,0,0,0.00K,0.00K,EFU,0.29,50.0,2.0,39.8799,-89.9497,OHIO VALLEY,2021-05-03
99,2019,May,2,MISSOURI,2019-05-02 17:11:00,2019-05-02 17:18:00,0,0,5.00K,0.00K,EF0,2.76,150.0,1.0,36.1334,-89.6301,OHIO VALLEY,2019-05-02
100,2020,May,4,TENNESSEE,2020-05-04 20:50:00,2020-05-04 20:54:00,0,0,0.00K,0.00K,EF0,1.05,100.0,2.0,35.1439,-86.11,OHIO VALLEY,2020-05-04
101,2019,May,23,ILLINOIS,2019-05-23 01:06:00,2019-05-23 01:08:00,0,0,0.00K,0.00K,EF1,1.56,200.0,1.0,40.1133,-87.8552,OHIO VALLEY,2019-05-23
102,2019,May,24,ILLINOIS,2019-05-24 12:10:00,2019-05-24 12:12:00,0,0,10.00K,0.00K,EF0,1.17,20.0,3.0,40.3799,-90.2619,OHIO VALLEY,2019-05-24
103,2022,May,13,ILLINOIS,2022-05-13 15:49:00,2022-05-13 15:59:00,0,0,0,0,EFU,0.15,10.0,2.0,40.5798,-90.6815,OHIO VALLEY,2022-05-13
104,2021,May,6,ILLINOIS,2021-05-06 16:00:00,2021-05-06 16:01:00,0,0,0.00K,0.00K,EF0,0.52,30.0,2.0,38.57,-88.433,OHIO VALLEY,2021-05-06
105,2020,May,25,MISSOURI,2020-05-25 13:30:00,2020-05-25 13:30:00,0,0,0.00K,0.00K,EF0,0.01,20.0,1.0,39.61,-94.99,OHIO VALLEY,2020-05-25
106,2019,May,21,ILLINOIS,2019-05-21 18:01:00,2019-05-21 18:02:00,0,0,0.00K,0.00K,EF0,0.34,50.0,2.0,38.3638,-90.1609,OHIO VALLEY,2019-05-21
107,2023,May,7,INDIANA,2023-05-07 07:42:00,2023-05-07 07:43:00,0,0,0,0.00K,EF1,0.11,100.0,2.0,38.3234,-85.9919,OHIO VALLEY,2023-05-07
108,2023,May,16,KENTUCKY,2023-05-16 15:46:00,2023-05-16 15:48:00,0,0,1.00K,19.80K,EF1,0.67,150.0,1.0,37.6659,-83.122,OHIO VALLEY,2023-05-16
109,2023,June,25,KENTUCKY,2023-06-25 22:25:00,2023-06-25 22:26:00,0,0,0,0.00K,EF1,0.67,300.0,1.0,36.9757,-85.0861,OHIO VALLEY,2023-06-25
110,2022,June,17,ILLINOIS,2022-06-17 05:36:00,2022-06-17 05:44:00,0,0,0.00K,0.00K,EF1,3.31,60.0,0.0,38.7746,-88.2455,OHIO VALLEY,2022-06-17
111,2021,June,11,KENTUCKY,2021-06-11 18:09:00,2021-06-11 18:11:00,0,0,20.00K,0.00K,EF0,0.16,50.0,1.0,38.5749,-83.5119,OHIO VALLEY,2021-06-11
112,2021,June,24,ILLINOIS,2021-06-24 19:18:00,2021-06-24 19:19:00,0,0,0.00K,0.00K,EFU,0.23,10.0,3.0,39.5153,-89.9178,OHIO VALLEY,2021-06-24
113,2019,June,30,ILLINOIS,2019-06-30 13:39:00,2019-06-30 13:41:00,0,0,0.00K,0.00K,EFU,0.15,25.0,1.0,40.7549,-87.9614,OHIO VALLEY,2019-06-30
114,2021,June,11,MISSOURI,2021-06-11 13:29:00,2021-06-11 13:30:00,0,0,0.00K,0.00K,EF0,0.03,15.0,2.0,39.2434,-94.2713,OHIO VALLEY,2021-06-11
115,2023,June,11,OHIO,2023-06-11 18:23:00,2023-06-11 18:24:00,0,0,30.00K,0.00K,EF0,0.6,150.0,1.0,39.9326,-84.176,OHIO VALLEY,2023-06-11
116,2019,June,15,MISSOURI,2019-06-15 15:22:00,2019-06-15 15:23:00,0,0,0,0,EF0,0.71,15.0,1.0,40.1415,-95.2396,OHIO VALLEY,2019-06-15
117,2020,June,9,OHIO,2020-06-09 19:32:00,2020-06-09 19:33:00,0,0,10.00K,0.00K,EF0,0.5,75.0,0.0,40.0774,-84.354,OHIO VALLEY,2020-06-09
118,2020,June,10,OHIO,2020-06-10 17:18:00,2020-06-10 17:24:00,0,0,50.00K,0.00K,EF0,5.9,300.0,2.0,39.3786,-83.0791,OHIO VALLEY,2020-06-10
119,2021,June,18,KENTUCKY,2021-06-18 20:09:00,2021-06-18 20:14:00,0,0,50.00K,0.00K,EF1,2.75,175.0,2.0,39.0868,-84.8072,OHIO VALLEY,2021-06-18
120,2023,July,2,KENTUCKY,2023-07-02 14:55:00,2023-07-02 14:59:00,0,0,0,0.00K,EF1,3.57,400.0,1.0,38.012,-85.001,OHIO VALLEY,2023-07-02
121,2020,July,15,ILLINOIS,2020-07-15 15:47:00,2020-07-15 15:48:00,0,0,0.00K,0.00K,EFU,0.15,15.0,3.0,39.4062,-89.9277,OHIO VALLEY,2020-07-15
122,2020,July,20,ILLINOIS,2020-07-20 14:01:00,2020-07-20 14:02:00,0,0,15.00K,0.00K,EF0,0.26,30.0,3.0,37.1898,-88.6992,OHIO VALLEY,2020-07-20
123,2019,July,21,ILLINOIS,2019-07-21 12:31:00,2019-07-21 12:34:00,0,0,0.00K,0.00K,EFU,0.4,25.0,3.0,40.8531,-87.8112,OHIO VALLEY,2019-07-21
124,2021,July,31,MISSOURI,2021-07-31 09:50:00,2021-07-31 09:53:00,0,0,20.00K,0.00K,EF0,0.88,120.0,2.0,37.82,-90.4,OHIO VALLEY,2021-07-31
125,2022,July,12,WEST VIRGINIA,2022-07-12 14:35:00,2022-07-12 14:36:00,0,0,200.00K,0,EF0,0.38,30.0,2.0,39.2504,-78.8375,OHIO VALLEY,2022-07-12
126,2023,August,6,INDIANA,2023-08-06 23:45:00,2023-08-06 23:46:00,0,0,0,0.00K,EF1,0.98,40.0,1.0,38.5429,-86.6233,OHIO VALLEY,2023-08-06
127,2023,August,11,MISSOURI,2023-08-11 22:18:00,2023-08-11 22:21:00,0,0,0,0,EF0,1.26,30.0,1.0,40.03,-93.0,OHIO VALLEY,2023-08-11
128,2021,August,9,ILLINOIS,2021-08-09 17:13:00,2021-08-09 17:14:00,0,0,0.00K,0.00K,EFU,0.01,5.0,1.0,41.53,-89.34,OHIO VALLEY,2021-08-09
129,2023,August,7,WEST VIRGINIA,2023-08-07 14:07:00,2023-08-07 14:10:00,0,0,3.00K,0.00K,EF1,3.68,250.0,1.0,38.136,-82.6302,OHIO VALLEY,2023-08-07
130,2023,August,7,TENNESSEE,2023-08-07 13:17:00,2023-08-07 13:23:00,0,0,3.70M,0,EF2,3.7,200.0,1.0,35.9308,-84.158,OHIO VALLEY,2023-08-07
131,2023,August,7,INDIANA,2023-08-07 00:13:00,2023-08-07 00:15:00,0,0,0,0.00K,EF1,1.78,60.0,1.0,38.5957,-86.1412,OHIO VALLEY,2023-08-07
132,2021,August,8,MISSOURI,2021-08-08 18:14:00,2021-08-08 18:15:00,0,0,15.00K,0.00K,EF0,0.11,50.0,3.0,36.64,-90.302,OHIO VALLEY,2021-08-08
133,2019,September,1,ILLINOIS,2019-09-01 13:31:00,2019-09-01 13:33:00,0,0,0.00K,0.00K,EF0,0.31,20.0,8.0,39.2051,-88.4484,OHIO VALLEY,2019-09-01
134,2022,September,4,OHIO,2022-09-04 16:44:00,2022-09-04 16:45:00,0,0,12.00K,0.00K,EF0,0.07,15.0,1.0,41.021,-80.6559,OHIO VALLEY,2022-09-04
135,2020,October,23,KENTUCKY,2020-10-23 14:18:00,2020-10-23 14:19:00,0,0,0.00K,0.00K,EFU,0.35,30.0,4.0,36.9407,-88.7891,OHIO VALLEY,2020-10-23
136,2021,October,21,OHIO,2021-10-21 18:03:00,2021-10-21 18:05:00,0,0,150.00K,0,EF1,0.43,70.0,1.0,40.1652,-80.8291,OHIO VALLEY,2021-10-21
137,2021,October,15,INDIANA,2021-10-15 21:12:00,2021-10-15 21:15:00,0,0,0,0.00K,EF0,2.7,70.0,2.0,38.543,-85.9602,OHIO VALLEY,2021-10-15
138,2022,November,5,ILLINOIS,2022-11-05 10:06:00,2022-11-05 10:07:00,0,0,0.00K,0.00K,EF0,0.2,100.0,0.0,41.7172,-88.5733,OHIO VALLEY,2022-11-05
139,2021,December,5,MISSOURI,2021-12-05 22:02:00,2021-12-05 22:07:00,0,0,150.00K,0.00K,EF1,3.43,100.0,2.0,36.951,-93.253,OHIO VALLEY,2021-12-05
140,2021,December,10,TENNESSEE,2021-12-10 20:39:00,2021-12-10 20:40:00,0,0,5.00K,0.00K,EF1,0.68,100.0,2.0,36.4192,-89.2733,OHIO VALLEY,2021-12-10
141,2019,December,16,TENNESSEE,2019-12-16 17:50:00,2019-12-16 17:52:00,0,0,0,0,EF0,3.2,50.0,1.0,35.0106,-86.8261,OHIO VALLEY,2019-12-16
142,2022,January,9,LOUISIANA,2022-01-09 04:53:00,2022-01-09 05:01:00,6,0,1.50M,0.00K,EF2,3.56,900.0,1.0,31.4132,-93.3238,SOUTH,2022-01-09
143,2023,January,3,MISSISSIPPI,2023-01-03 22:47:00,2023-01-03 22:52:00,0,0,50.00K,0.00K,EF1,2.61,365.0,2.0,31.7617,-89.1008,SOUTH,2023-01-03
144,2020,January,10,ARKANSAS,2020-01-10 19:45:00,2020-01-10 19:49:00,0,0,35.00K,0.00K,EF1,3.9,400.0,2.0,35.4262,-93.8928,SOUTH,2020-01-10
145,2022,January,8,TEXAS,2022-01-08 15:55:00,2022-01-08 15:57:00,0,0,50.00K,0,EF0,0.79,30.0,2.0,29.9387,-95.339,SOUTH,2022-01-08
146,2019,February,12,MISSISSIPPI,2019-02-12 04:53:00,2019-02-12 04:58:00,0,0,40.00K,0.00K,EF1,4.22,500.0,2.0,32.734,-89.7141,SOUTH,2019-02-12
147,2022,February,22,ARKANSAS,2022-02-22 05:24:00,2022-02-22 05:28:00,0,0,0.00K,0.00K,EF0,2.81,50.0,2.0,35.7138,-90.7422,SOUTH,2022-02-22
148,2021,March,17,MISSISSIPPI,2021-03-17 18:25:00,2021-03-17 18:26:00,0,0,25.00K,0.00K,EF0,0.5,50.0,5.0,33.9519,-88.816,SOUTH,2021-03-17
149,2019,March,9,ARKANSAS,2019-03-09 10:24:00,2019-03-09 10:26:00,2,0,100.00K,10.00K,EF1,2.43,150.0,4.0,34.6012,-92.1263,SOUTH,2019-03-09
150,2020,March,31,MISSISSIPPI,2020-03-31 08:30:00,2020-03-31 08:42:00,0,0,0,0,EF1,8.15,50.0,4.0,30.84,-88.75,SOUTH,2020-03-31
151,2023,March,2,TEXAS,2023-03-02 17:00:00,2023-03-02 17:11:00,0,0,0.00K,0.00K,EF0,5.43,100.0,3.0,33.2837,-95.2662,SOUTH,2023-03-02
152,2021,March,16,MISSISSIPPI,2021-03-16 18:58:00,2021-03-16 18:59:00,0,0,5.00K,0.00K,EF0,0.52,50.0,3.0,31.7748,-89.9611,SOUTH,2021-03-16
153,2020,March,19,OKLAHOMA,2020-03-19 09:25:00,2020-03-19 09:29:00,0,0,30.00K,0.00K,EF1,2.7,225.0,2.0,35.4043,-96.3287,SOUTH,2020-03-19
154,2023,March,2,LOUISIANA,2023-03-02 17:35:00,2023-03-02 17:40:00,2,0,50.00M,0.00K,EF1,4.76,100.0,2.0,32.3627,-93.7087,SOUTH,2023-03-02
155,2022,March,29,KANSAS,2022-03-29 18:56:00,2022-03-29 19:06:00,0,0,0,0,EF1,9.86,10.0,4.0,39.28,-95.43,SOUTH,2022-03-29
156,2023,March,16,OKLAHOMA,2023-03-16 13:57:00,2023-03-16 13:57:00,0,0,0.00K,0.00K,EF0,0.1,20.0,7.0,34.5613,-97.67,SOUTH,2023-03-16
157,2020,March,13,TEXAS,2020-03-13 18:53:00,2020-03-13 18:57:00,0,0,0,0,EFU,4.48,300.0,49.0,31.6892,-103.73,SOUTH,2020-03-13
158,2023,March,16,TEXAS,2023-03-16 15:47:00,2023-03-16 15:55:00,0,0,0,0.00K,EF1,6.37,100.0,1.0,32.8066,-97.0338,SOUTH,2023-03-16
159,2021,March,27,TEXAS,2021-03-27 17:37:00,2021-03-27 17:38:00,0,0,0.00K,0.00K,EF1,1.42,300.0,1.0,31.8229,-94.9451,SOUTH,2021-03-27
160,2022,April,11,ARKANSAS,2022-04-11 19:16:00,2022-04-11 19:18:00,0,0,0.00K,2.00K,EF1,0.97,100.0,2.0,34.94,-92.229,SOUTH,2022-04-11
161,2019,April,18,MISSISSIPPI,2019-04-18 16:04:00,2019-04-18 16:07:00,0,0,5.00K,10.00K,EF1,2.91,100.0,5.0,32.9486,-88.8694,SOUTH,2019-04-18
162,2020,April,19,MISSISSIPPI,2020-04-19 18:09:00,2020-04-19 18:13:00,0,0,0.00K,0.00K,EF1,2.59,500.0,3.0,31.0707,-89.9646,SOUTH,2020-04-19
163,2019,April,17,KANSAS,2019-04-17 17:38:00,2019-04-17 17:42:00,0,0,0.00K,0.00K,EFU,1.11,30.0,4.0,37.32,-97.46,SOUTH,2019-04-17
164,2019,April,13,TEXAS,2019-04-13 12:45:00,2019-04-13 12:47:00,0,0,0,0,EF0,0.16,50.0,4.0,31.367,-95.079,SOUTH,2019-04-13
165,2019,April,25,MISSISSIPPI,2019-04-25 10:22:00,2019-04-25 10:23:00,0,0,0.00K,0.00K,EF1,0.25,25.0,2.0,30.3935,-89.4453,SOUTH,2019-04-25
166,2023,April,26,TEXAS,2023-04-26 15:58:00,2023-04-26 15:58:00,0,0,0.00K,0.00K,EFU,0.02,25.0,4.0,31.63,-97.38,SOUTH,2023-04-26
167,2023,April,15,LOUISIANA,2023-04-15 17:30:00,2023-04-15 17:42:00,0,0,30.00K,0.00K,EF1,2.24,200.0,3.0,32.3226,-93.3372,SOUTH,2023-04-15
168,2022,April,13,LOUISIANA,2022-04-13 16:11:00,2022-04-13 16:17:00,0,0,0.00K,0.00K,EF2,5.76,250.0,1.0,32.0117,-92.4006,SOUTH,2022-04-13
169,2019,April,7,MISSISSIPPI,2019-04-07 17:02:00,2019-04-07 17:04:00,0,0,0,0.00K,EF1,1.72,125.0,6.0,31.0184,-91.0712,SOUTH,2019-04-07
170,2023,April,3,MISSISSIPPI,2023-04-03 03:37:00,2023-04-03 03:46:00,0,0,20.00K,0.00K,EF1,4.54,430.0,2.0,31.9177,-89.8915,SOUTH,2023-04-03
171,2021,April,23,TEXAS,2021-04-23 16:54:00,2021-04-23 16:55:00,0,0,0.00K,0,EFU,0.2,30.0,5.0,34.13,-99.66,SOUTH,2021-04-23
172,2019,April,7,TEXAS,2019-04-07 06:24:00,2019-04-07 06:25:00,0,0,1.25M,0.00K,EF0,0.58,30.0,0.0,28.3691,-97.6643,SOUTH,2019-04-07
173,2023,April,5,ARKANSAS,2023-04-05 04:50:00,2023-04-05 04:53:00,0,0,0.00K,0.00K,EF0,2.8,300.0,1.0,35.967,-93.5241,SOUTH,2023-04-05
174,2023,April,1,MISSISSIPPI,2023-04-01 00:28:00,2023-04-01 00:31:00,0,0,105.00M,0.00K,EF1,2.11,375.0,3.0,34.2327,-88.7226,SOUTH,2023-04-01
175,2021,May,17,TEXAS,2021-05-17 17:35:00,2021-05-17 17:39:00,0,0,0.00K,0.00K,EFU,0.86,20.0,19.0,35.5306,-102.582,SOUTH,2021-05-17
176,2019,May,26,ARKANSAS,2019-05-26 01:30:00,2019-05-26 01:32:00,0,0,0.00K,0.00K,EF0,1.5,100.0,4.0,36.1348,-94.3808,SOUTH,2019-05-26
177,2021,May,2,MISSISSIPPI,2021-05-02 20:15:00,2021-05-02 20:18:00,0,0,5.00K,0.00K,EF0,1.1,50.0,2.0,34.065,-89.024,SOUTH,2021-05-02
178,2022,May,2,KANSAS,2022-05-02 14:25:00,2022-05-02 14:35:00,0,0,0.00K,0.00K,EF0,1.69,35.0,4.0,37.2036,-99.544,SOUTH,2022-05-02
179,2022,May,25,TEXAS,2022-05-25 04:21:00,2022-05-25 04:35:00,0,0,100.00K,0.00K,EF1,1.04,50.0,0.0,29.9762,-93.9766,SOUTH,2022-05-25
180,2020,May,25,TEXAS,2020-05-25 16:05:00,2020-05-25 16:07:00,0,0,60.00K,0.00K,EF1,0.53,100.0,4.0,33.2226,-95.082,SOUTH,2020-05-25
181,2021,May,31,TEXAS,2021-05-31 14:39:00,2021-05-31 14:47:00,0,0,0.00K,0.00K,EFU,3.3,50.0,21.0,30.5992,-102.7347,SOUTH,2021-05-31
182,2023,May,9,KANSAS,2023-05-09 11:56:00,2023-05-09 11:58:00,0,0,0,0,EFU,1.6,30.0,4.0,39.3259,-97.5212,SOUTH,2023-05-09
183,2020,May,22,TEXAS,2020-05-22 17:11:00,2020-05-22 17:16:00,0,0,5.00K,0.00K,EF1,1.7,150.0,10.0,34.098,-98.744,SOUTH,2020-05-22
184,2019,May,5,KANSAS,2019-05-05 18:35:00,2019-05-05 18:37:00,0,0,100.00K,0.00K,EF1,0.4,100.0,4.0,38.0951,-98.1052,SOUTH,2019-05-05
185,2019,May,2,TEXAS,2019-05-02 20:20:00,2019-05-02 20:21:00,0,0,0.00K,0.00K,EFU,0.4,10.0,9.0,29.79,-101.09,SOUTH,2019-05-02
186,2019,May,29,ARKANSAS,2019-05-29 16:16:00,2019-05-29 16:20:00,0,0,40.00K,0.00K,EF0,0.62,75.0,3.0,36.2724,-91.2288,SOUTH,2019-05-29
187,2023,May,11,ARKANSAS,2023-05-11 11:41:00,2023-05-11 11:43:00,0,0,40.00K,0.00K,EF1,0.45,140.0,4.0,33.1472,-91.8186,SOUTH,2023-05-11
188,2019,May,21,KANSAS,2019-05-21 15:32:00,2019-05-21 15:48:00,0,0,0,0,EF1,7.48,100.0,3.0,38.8433,-97.1004,SOUTH,2019-05-21
189,2023,May,19,OKLAHOMA,2023-05-19 11:35:00,2023-05-19 11:35:00,0,0,0.00K,0.00K,EF0,0.1,10.0,3.0,35.58,-98.328,SOUTH,2023-05-19
190,2021,May,28,TEXAS,2021-05-28 18:31:00,2021-05-28 18:35:00,0,0,5.00K,0.00K,EF0,1.38,50.0,1.0,29.9832,-97.4385,SOUTH,2021-05-28
191,2020,May,16,OKLAHOMA,2020-05-16 13:36:00,2020-05-16 13:38:00,0,0,0.00K,0.00K,EFU,1.25,20.0,6.0,33.6799,-94.4848,SOUTH,2020-05-16
192,2019,May,24,KANSAS,2019-05-24 15:53:00,2019-05-24 15:54:00,0,0,0.00K,0.00K,EFU,0.19,50.0,5.0,37.7485,-96.621,SOUTH,2019-05-24
193,2019,May,9,MISSISSIPPI,2019-05-09 10:12:00,2019-05-09 10:21:00,0,0,0.00K,0.00K,EF1,0.81,270.0,1.0,31.2541,-90.4936,SOUTH,2019-05-09
194,2021,May,11,TEXAS,2021-05-11 13:10:00,2021-05-11 13:11:00,0,0,0.00K,0.00K,EF0,0.01,20.0,5.0,30.98,-95.63,SOUTH,2021-05-11
195,2023,May,8,TEXAS,2023-05-08 14:00:00,2023-05-08 14:14:00,0,0,25.00K,0.00K,EF0,6.08,75.0,8.0,30.2439,-94.3691,SOUTH,2023-05-08
196,2021,May,19,LOUISIANA,2021-05-19 18:42:00,2021-05-19 18:43:00,0,0,35.00K,0.00K,EF0,0.52,75.0,2.0,29.9018,-90.3495,SOUTH,2021-05-19
197,2023,May,13,OKLAHOMA,2023-05-13 14:18:00,2023-05-13 14:18:00,0,0,0.00K,0.00K,EF0,0.1,20.0,2.0,35.057,-97.979,SOUTH,2023-05-13
198,2019,May,20,OKLAHOMA,2019-05-20 16:12:00,2019-05-20 16:29:00,0,0,300.00K,0.00K,EF2,11.0,1200.0,8.0,34.809,-99.614,SOUTH,2019-05-20
199,2019,May,25,OKLAHOMA,2019-05-25 21:53:00,2019-05-25 21:53:00,0,0,10.00K,0.00K,EF0,0.5,30.0,2.0,35.516,-97.492,SOUTH,2019-05-25
200,2019,May,1,OKLAHOMA,2019-05-01 12:26:00,2019-05-01 12:26:00,0,0,0.00K,0.00K,EFU,0.5,20.0,4.0,34.1165,-98.0268,SOUTH,2019-05-01
201,2021,May,3,ARKANSAS,2021-05-03 20:41:00,2021-05-03 20:42:00,0,0,0.00K,0.00K,EF1,0.8,1300.0,5.0,35.405,-94.436,SOUTH,2021-05-03
202,2020,June,21,KANSAS,2020-06-21 13:50:00,2020-06-21 14:10:00,0,0,10.00K,0.00K,EF0,5.82,100.0,7.0,39.4474,-100.3966,SOUTH,2020-06-21
203,2021,June,27,TEXAS,2021-06-27 19:54:00,2021-06-27 19:54:00,0,0,0.00K,0.00K,EFU,0.02,30.0,2.0,33.5853,-102.2992,SOUTH,2021-06-27
204,2019,June,22,TEXAS,2019-06-22 21:43:00,2019-06-22 21:49:00,0,0,0.00K,0.00K,EF0,2.45,50.0,4.0,34.9992,-101.1359,SOUTH,2019-06-22
205,2023,June,11,TEXAS,2023-06-11 23:35:00,2023-06-11 23:39:00,0,0,0.00K,0.00K,EFU,0.43,50.0,5.0,32.87,-99.86,SOUTH,2023-06-11
206,2023,June,16,MISSISSIPPI,2023-06-16 03:40:00,2023-06-16 03:47:00,0,0,85.00K,0.00K,EF1,8.54,900.0,0.0,32.2456,-90.9258,SOUTH,2023-06-16
207,2023,June,15,TEXAS,2023-06-15 19:02:00,2023-06-15 19:08:00,0,0,8.00K,0.00K,EF1,2.5,100.0,5.0,33.756,-98.167,SOUTH,2023-06-15
208,2023,June,22,TEXAS,2023-06-22 14:41:00,2023-06-22 14:55:00,0,0,85.00K,0,EF1,10.3,150.0,8.0,35.7,-100.23,SOUTH,2023-06-22
209,2021,June,25,TEXAS,2021-06-25 18:01:00,2021-06-25 18:06:00,0,0,100.00K,0.00K,EF1,2.2,40.0,4.0,35.2606,-100.6701,SOUTH,2021-06-25
210,2023,June,17,OKLAHOMA,2023-06-17 20:24:00,2023-06-17 20:25:00,0,0,0.00K,0.00K,EFU,1.5,30.0,1.0,36.914,-98.422,SOUTH,2023-06-17
211,2020,June,9,KANSAS,2020-06-09 17:26:00,2020-06-09 17:27:00,0,0,0.00K,0.00K,EFU,0.01,10.0,5.0,39.79,-96.29,SOUTH,2020-06-09
212,2023,June,3,TEXAS,2023-06-03 18:50:00,2023-06-03 18:51:00,0,0,0.00K,0.00K,EF0,0.24,10.0,1.0,35.1871,-101.8138,SOUTH,2023-06-03
213,2019,June,2,OKLAHOMA,2019-06-02 19:18:00,2019-06-02 19:18:00,0,0,0.00K,0.00K,EF0,0.01,20.0,6.0,36.65,-102.76,SOUTH,2019-06-02
214,2019,June,23,ARKANSAS,2019-06-23 01:36:00,2019-06-23 01:37:00,0,0,0.00K,55.00K,EF0,0.06,25.0,2.0,35.2624,-93.6835,SOUTH,2019-06-23
215,2019,July,14,MISSISSIPPI,2019-07-14 05:25:00,2019-07-14 05:27:00,0,0,3.00K,0.00K,EF0,0.48,25.0,2.0,31.4122,-89.1959,SOUTH,2019-07-14
216,2020,July,26,TEXAS,2020-07-26 02:32:00,2020-07-26 02:36:00,0,0,250.00K,0.00K,EF0,3.43,50.0,3.0,25.8729,-97.4287,SOUTH,2020-07-26
217,2020,July,11,OKLAHOMA,2020-07-11 23:04:00,2020-07-11 23:04:00,0,0,20.00K,0.00K,EF0,0.2,10.0,5.0,35.266,-97.369,SOUTH,2020-07-11
218,2020,July,25,TEXAS,2020-07-25 11:48:00,2020-07-25 11:48:00,0,0,0.00K,0.00K,EFU,0.1,25.0,3.0,28.16,-97.35,SOUTH,2020-07-25
219,2021,July,10,OKLAHOMA,2021-07-10 18:25:00,2021-07-10 18:27:00,0,0,50.00K,0.00K,EF1,1.4,100.0,2.0,36.088,-96.72,SOUTH,2021-07-10
220,2021,August,30,MISSISSIPPI,2021-08-30 04:55:00,2021-08-30 04:56:00,0,0,50.00K,0.00K,EF0,0.53,100.0,1.0,30.3966,-88.8788,SOUTH,2021-08-30
221,2022,August,26,LOUISIANA,2022-08-26 15:24:00,2022-08-26 15:25:00,0,0,0.00K,0.00K,EF0,0.25,10.0,2.0,30.185,-93.2869,SOUTH,2022-08-26
222,2019,August,9,ARKANSAS,2019-08-09 12:22:00,2019-08-09 12:25:00,0,0,0.00K,0.00K,EF0,0.19,50.0,2.0,36.2767,-90.7434,SOUTH,2019-08-09
223,2019,August,26,OKLAHOMA,2019-08-26 20:01:00,2019-08-26 20:01:00,0,0,0.00K,0.00K,EF0,0.12,100.0,6.0,35.726,-97.514,SOUTH,2019-08-26
224,2019,August,9,MISSISSIPPI,2019-08-09 17:00:00,2019-08-09 17:02:00,0,0,0.00K,0.00K,EF0,0.09,50.0,2.0,34.3776,-90.2788,SOUTH,2019-08-09
225,2019,August,24,KANSAS,2019-08-24 20:24:00,2019-08-24 20:25:00,0,0,0.00K,0.00K,EFU,0.67,25.0,2.0,38.64,-98.54,SOUTH,2019-08-24
226,2019,September,18,TEXAS,2019-09-18 15:56:00,2019-09-18 16:05:00,0,0,300.00K,0,EF1,3.04,30.0,3.0,29.8409,-95.0007,SOUTH,2019-09-18
227,2020,September,1,TEXAS,2020-09-01 18:10:00,2020-09-01 18:10:00,0,0,0.00K,0.00K,EFU,0.01,30.0,7.0,34.5706,-100.8394,SOUTH,2020-09-01
228,2021,October,27,TEXAS,2021-10-27 07:50:00,2021-10-27 07:50:00,0,0,0.50K,0.00K,EF0,0.02,20.0,5.0,30.12,-95.36,SOUTH,2021-10-27
229,2019,October,16,LOUISIANA,2019-10-16 01:42:00,2019-10-16 01:47:00,0,0,500.00K,0.00K,EF1,2.74,100.0,3.0,30.3095,-93.0709,SOUTH,2019-10-16
230,2021,October,27,MISSISSIPPI,2021-10-27 17:49:00,2021-10-27 17:53:00,0,0,50.00K,0.00K,EF1,2.44,125.0,1.0,30.5196,-89.6734,SOUTH,2021-10-27
231,2020,October,9,MISSISSIPPI,2020-10-09 15:34:00,2020-10-09 15:35:00,0,0,2.00K,0.00K,EF0,0.73,100.0,2.0,31.4343,-90.7235,SOUTH,2020-10-09
232,2019,October,21,LOUISIANA,2019-10-21 12:00:00,2019-10-21 12:01:00,1,0,2.00K,0.00K,EF0,0.06,15.0,1.0,30.2194,-91.0336,SOUTH,2019-10-21
233,2021,October,26,OKLAHOMA,2021-10-26 22:54:00,2021-10-26 22:54:00,0,0,5.00K,0.00K,EF0,0.3,20.0,0.0,35.388,-97.942,SOUTH,2021-10-26
234,2021,November,10,OKLAHOMA,2021-11-10 19:26:00,2021-11-10 19:27:00,0,0,75.00K,0.00K,EF0,0.4,100.0,5.0,36.118,-95.761,SOUTH,2021-11-10
235,2020,November,27,MISSISSIPPI,2020-11-27 14:57:00,2020-11-27 15:04:00,0,0,0,0,EF1,2.0,50.0,2.0,31.1716,-90.5012,SOUTH,2020-11-27
236,2020,November,24,OKLAHOMA,2020-11-24 20:54:00,2020-11-24 20:59:00,0,0,50.00K,0.00K,EF1,3.0,200.0,3.0,35.104,-95.316,SOUTH,2020-11-24
237,2022,November,4,OKLAHOMA,2022-11-04 17:44:00,2022-11-04 18:21:00,6,0,35.00M,0.00K,EF4,32.3,1056.0,3.0,33.8055,-94.9175,SOUTH,2022-11-04
238,2019,December,16,LOUISIANA,2019-12-16 15:46:00,2019-12-16 15:49:00,0,0,0,0,EF1,1.35,50.0,3.0,30.8685,-90.3253,SOUTH,2019-12-16
239,2021,December,10,ARKANSAS,2021-12-10 18:15:00,2021-12-10 18:23:00,0,0,0.00K,0.00K,EFU,6.68,150.0,0.0,35.4747,-91.2306,SOUTH,2021-12-10
240,2021,December,11,MISSISSIPPI,2021-12-11 04:30:00,2021-12-11 04:35:00,0,0,125.00K,0.00K,EF1,4.5,100.0,3.0,34.5365,-88.4622,SOUTH,2021-12-11
241,2022,December,13,MISSISSIPPI,2022-12-13 23:21:00,2022-12-13 23:29:00,0,0,10.00K,0.00K,EF0,5.85,200.0,7.0,32.6,-91.0,SOUTH,2022-12-13
242,2022,January,2,GEORGIA,2022-01-02 19:00:00,2022-01-02 19:01:00,0,0,0,0,EF0,0.42,100.0,2.0,32.197,-82.4034,SOUTHEAST,2022-01-02
243,2023,January,12,NORTH CAROLINA,2023-01-12 18:10:00,2023-01-12 18:19:00,0,0,0.00K,0.00K,EF0,6.06,100.0,2.0,35.342,-81.14,SOUTHEAST,2023-01-12
244,2023,January,12,GEORGIA,2023-01-12 15:24:00,2023-01-12 15:31:00,0,0,0,0,EF2,8.12,1600.0,0.0,33.0736,-85.2254,SOUTHEAST,2023-01-12
245,2023,January,3,ALABAMA,2023-01-03 10:48:00,2023-01-03 10:50:00,0,0,0,0,EF1,0.6,70.0,3.0,34.5382,-87.8899,SOUTHEAST,2023-01-03
246,2019,January,24,FLORIDA,2019-01-24 06:20:00,2019-01-24 06:21:00,0,0,1.38M,0.00K,EF0,0.49,175.0,1.0,28.8225,-81.3219,SOUTHEAST,2019-01-24
247,2023,January,22,FLORIDA,2023-01-22 12:45:00,2023-01-22 12:46:00,0,0,100.00K,0.00K,EF1,0.33,200.0,4.0,30.2939,-84.2843,SOUTHEAST,2023-01-22
248,2019,January,4,ALABAMA,2019-01-04 04:38:00,2019-01-04 04:40:00,0,0,0.00K,0.00K,EF0,0.15,35.0,3.0,31.6165,-85.2788,SOUTHEAST,2019-01-04
249,2022,February,22,ALABAMA,2022-02-22 19:22:00,2022-02-22 19:25:00,0,0,0,0,EF0,3.13,110.0,2.0,34.9021,-86.597,SOUTHEAST,2022-02-22
250,2021,February,14,FLORIDA,2021-02-14 14:30:00,2021-02-14 14:31:00,0,0,0.00K,0.00K,EF0,0.01,10.0,3.0,29.8599,-81.4972,SOUTHEAST,2021-02-14
251,2022,February,17,ALABAMA,2022-02-17 16:14:00,2022-02-17 16:15:00,0,0,0.00K,0.00K,EF0,1.15,290.0,4.0,33.595,-87.541,SOUTHEAST,2022-02-17
252,2020,February,12,ALABAMA,2020-02-12 17:13:00,2020-02-12 17:17:00,0,0,0,0,EF1,3.75,400.0,0.0,34.9674,-87.5054,SOUTHEAST,2020-02-12
253,2023,March,3,GEORGIA,2023-03-03 15:08:00,2023-03-03 15:12:00,0,0,0,0,EF1,3.69,150.0,1.0,34.4595,-84.8336,SOUTHEAST,2023-03-03
254,2022,March,11,FLORIDA,2022-03-11 16:24:00,2022-03-11 16:25:00,0,0,1.00K,0.00K,EF0,0.12,40.0,1.0,27.2221,-80.2367,SOUTHEAST,2022-03-11
255,2019,March,1,SOUTH CAROLINA,2019-03-01 18:17:00,2019-03-01 18:21:00,0,0,50.00K,0.00K,EF0,1.54,75.0,2.0,34.203,-82.391,SOUTHEAST,2019-03-01
256,2022,March,16,FLORIDA,2022-03-16 13:22:00,2022-03-16 13:27:00,1,0,1.00M,0.00K,EF1,1.5,100.0,1.0,27.3298,-82.5419,SOUTHEAST,2022-03-16
257,2020,March,31,FLORIDA,2020-03-31 11:55:00,2020-03-31 11:56:00,0,0,2.00K,0.00K,EF0,0.17,25.0,3.0,30.462,-86.1945,SOUTHEAST,2020-03-31
258,2021,March,17,ALABAMA,2021-03-17 20:31:00,2021-03-17 20:43:00,0,0,0.00K,0.00K,EF1,8.47,150.0,1.0,34.1997,-86.7521,SOUTHEAST,2021-03-17
259,2023,March,27,ALABAMA,2023-03-27 01:41:00,2023-03-27 02:06:00,0,0,0.00K,0.00K,EF2,15.41,1450.0,1.0,32.4103,-86.008,SOUTHEAST,2023-03-27
260,2021,March,25,SOUTH CAROLINA,2021-03-25 15:59:00,2021-03-25 16:02:00,0,0,0.00K,0.00K,EF0,2.14,25.0,3.0,34.506,-81.723,SOUTHEAST,2021-03-25
261,2023,March,17,FLORIDA,2023-03-17 18:20:00,2023-03-17 18:21:00,0,0,0.00K,0.00K,EF0,0.12,25.0,1.0,30.34,-86.14,SOUTHEAST,2023-03-17
262,2023,March,3,ALABAMA,2023-03-03 12:39:00,2023-03-03 12:43:00,0,0,0,0,EF1,5.04,105.0,1.0,34.5891,-85.9949,SOUTHEAST,2023-03-03
263,2020,April,29,FLORIDA,2020-04-29 18:34:00,2020-04-29 18:36:00,0,0,50.00K,0.00K,EF1,0.96,150.0,4.0,30.6577,-84.622,SOUTHEAST,2020-04-29
264,2021,April,24,ALABAMA,2021-04-24 06:50:00,2021-04-24 06:55:00,2,0,100.00K,0.00K,EF1,4.09,150.0,1.0,31.3984,-85.2407,SOUTHEAST,2021-04-24
265,2022,April,4,FLORIDA,2022-04-04 18:46:00,2022-04-04 18:47:00,0,0,20.00K,0.00K,EF0,0.25,25.0,7.0,27.55,-81.6998,SOUTHEAST,2022-04-04
266,2020,April,19,ALABAMA,2020-04-19 22:06:00,2020-04-19 22:12:00,0,0,0,0,EF1,3.17,75.0,1.0,30.6684,-88.2154,SOUTHEAST,2020-04-19
267,2019,April,19,SOUTH CAROLINA,2019-04-19 13:07:00,2019-04-19 13:09:00,0,0,0,0,EF1,1.89,200.0,2.0,34.4278,-81.6193,SOUTHEAST,2019-04-19
268,2021,April,24,GEORGIA,2021-04-24 20:03:00,2021-04-24 20:18:00,0,0,0.00K,0.00K,EF2,8.15,360.0,3.0,31.4524,-83.0035,SOUTHEAST,2021-04-24
269,2019,April,19,NORTH CAROLINA,2019-04-19 16:01:00,2019-04-19 16:06:00,0,0,650.00K,0.00K,EF1,5.34,125.0,2.0,35.1913,-78.5071,SOUTHEAST,2019-04-19
270,2020,April,13,NORTH CAROLINA,2020-04-13 08:24:00,2020-04-13 08:30:00,0,0,2.00K,0.00K,EF0,1.49,30.0,5.0,34.5543,-77.7547,SOUTHEAST,2020-04-13
271,2019,April,15,VIRGINIA,2019-04-15 01:29:00,2019-04-15 01:31:00,0,0,15.00K,0.00K,EF0,1.3,50.0,2.0,37.9008,-76.5189,SOUTHEAST,2019-04-15
272,2020,April,20,GEORGIA,2020-04-20 01:10:00,2020-04-20 01:11:00,0,0,100.00K,0.00K,EF2,0.31,500.0,5.0,31.42,-84.0,SOUTHEAST,2020-04-20
273,2019,April,14,ALABAMA,2019-04-14 05:53:00,2019-04-14 05:57:00,0,0,20.00K,0.00K,EF0,1.49,70.0,1.0,31.7073,-86.1688,SOUTHEAST,2019-04-14
274,2023,April,1,ALABAMA,2023-04-01 02:09:00,2023-04-01 02:16:00,5,1,0,0,EF3,4.49,215.0,0.0,34.9746,-86.5738,SOUTHEAST,2023-04-01
275,2022,May,6,ALABAMA,2022-05-06 01:56:00,2022-05-06 01:57:00,0,0,0,0.00K,EF1,0.29,25.0,1.0,30.6735,-88.056,SOUTHEAST,2022-05-06
276,2021,May,3,SOUTH CAROLINA,2021-05-03 11:39:00,2021-05-03 11:40:00,0,0,350.00K,0.00K,EF1,0.5,150.0,3.0,35.077,-81.386,SOUTHEAST,2021-05-03
277,2022,May,6,FLORIDA,2022-05-06 16:49:00,2022-05-06 16:53:00,0,0,0.00K,0.00K,EF0,2.51,25.0,2.0,30.1135,-84.1584,SOUTHEAST,2022-05-06
278,2022,May,31,FLORIDA,2022-05-31 16:50:00,2022-05-31 16:51:00,0,0,20.00K,0.00K,EFU,0.25,25.0,2.0,28.2098,-82.6904,SOUTHEAST,2022-05-31
279,2021,May,2,ALABAMA,2021-05-02 14:45:00,2021-05-02 14:50:00,0,0,0.00K,0.00K,EF0,1.42,45.0,3.0,32.955,-88.0286,SOUTHEAST,2021-05-02
280,2021,May,3,NORTH CAROLINA,2021-05-03 13:23:00,2021-05-03 13:25:00,0,0,50.00K,0.00K,EF0,1.48,150.0,2.0,35.2441,-80.2856,SOUTHEAST,2021-05-03
281,2020,May,20,SOUTH CAROLINA,2020-05-20 10:47:00,2020-05-20 10:50:00,0,0,0,0.00K,EF1,0.77,300.0,3.0,32.7159,-80.1166,SOUTHEAST,2020-05-20
282,2022,May,26,SOUTH CAROLINA,2022-05-26 06:15:00,2022-05-26 06:17:00,0,0,0,0.00K,EF0,0.69,75.0,3.0,32.7702,-80.674,SOUTHEAST,2022-05-26
283,2023,May,16,VIRGINIA,2023-05-16 16:17:00,2023-05-16 16:18:00,0,0,0,0,EF1,0.15,50.0,1.0,36.74,-83.09,SOUTHEAST,2023-05-16
284,2022,June,11,FLORIDA,2022-06-11 01:38:00,2022-06-11 01:39:00,0,0,0.00K,0.00K,EF0,0.06,25.0,2.0,26.89,-82.29,SOUTHEAST,2022-06-11
285,2023,June,14,ALABAMA,2023-06-14 11:09:00,2023-06-14 11:20:00,0,0,0.00K,0.00K,EF1,3.89,350.0,3.0,31.856,-85.188,SOUTHEAST,2023-06-14
286,2020,June,10,SOUTH CAROLINA,2020-06-10 19:29:00,2020-06-10 19:30:00,0,0,10.00K,0.00K,EF0,0.41,30.0,4.0,34.602,-82.189,SOUTHEAST,2020-06-10
287,2023,June,17,ALABAMA,2023-06-17 15:30:00,2023-06-17 15:47:00,0,0,0,0.00K,EF0,3.56,820.0,0.0,30.6037,-87.555,SOUTHEAST,2023-06-17
288,2020,June,1,FLORIDA,2020-06-01 16:39:00,2020-06-01 16:43:00,0,0,0.00K,0.00K,EF0,0.62,75.0,1.0,27.1077,-82.4161,SOUTHEAST,2020-06-01
289,2021,June,19,ALABAMA,2021-06-19 06:31:00,2021-06-19 06:48:00,20,0,3.20M,0.00K,EF2,14.06,650.0,1.0,31.0589,-87.0649,SOUTHEAST,2021-06-19
290,2023,July,20,GEORGIA,2023-07-20 16:13:00,2023-07-20 16:17:00,0,0,0.00K,0.00K,EF0,2.45,100.0,1.0,34.4937,-84.6056,SOUTHEAST,2023-07-20
291,2021,July,8,NORTH CAROLINA,2021-07-08 14:45:00,2021-07-08 14:50:00,0,0,5.00K,0.00K,EF0,2.82,40.0,1.0,36.31,-76.82,SOUTHEAST,2021-07-08
292,2023,July,22,FLORIDA,2023-07-22 15:50:00,2023-07-22 15:51:00,0,0,0.00K,0.00K,EF0,0.6,20.0,2.0,29.01,-80.88,SOUTHEAST,2023-07-22
293,2021,July,7,SOUTH CAROLINA,2021-07-07 22:44:00,2021-07-07 22:45:00,0,0,0,0.00K,EF1,0.13,50.0,0.0,32.3208,-80.6741,SOUTHEAST,2021-07-07
294,2020,August,16,FLORIDA,2020-08-16 15:48:00,2020-08-16 15:49:00,0,0,0.00K,0.00K,EF0,0.43,15.0,3.0,28.3646,-80.6749,SOUTHEAST,2020-08-16
295,2023,August,3,SOUTH CAROLINA,2023-08-03 15:16:00,2023-08-03 15:17:00,0,0,1.00K,0.00K,EF0,0.66,50.0,3.0,34.822,-82.76,SOUTHEAST,2023-08-03
296,2020,August,18,FLORIDA,2020-08-18 14:48:00,2020-08-18 15:02:00,1,0,8.01M,0.00K,EF2,4.59,550.0,1.0,29.0349,-81.341,SOUTHEAST,2020-08-18
297,2021,August,17,NORTH CAROLINA,2021-08-17 10:22:00,2021-08-17 10:25:00,0,0,5.00K,0.00K,EF1,1.74,200.0,2.0,35.846,-81.052,SOUTHEAST,2021-08-17
298,2023,August,30,GEORGIA,2023-08-30 07:05:00,2023-08-30 07:07:00,0,0,0.00K,0.00K,EF1,0.32,50.0,1.0,31.1547,-81.4066,SOUTHEAST,2023-08-30
299,2023,August,30,NORTH CAROLINA,2023-08-30 17:45:00,2023-08-30 17:46:00,0,0,50.00K,0.00K,EF0,0.32,20.0,2.0,33.9601,-78.0811,SOUTHEAST,2023-08-30
300,2020,August,23,ALABAMA,2020-08-23 11:13:00,2020-08-23 11:21:00,0,0,0.00K,0.00K,EFU,0.12,50.0,1.0,34.55,-86.55,SOUTHEAST,2020-08-23
301,2023,September,26,FLORIDA,2023-09-26 16:05:00,2023-09-26 16:05:00,0,0,0.00K,0.00K,EF0,0.01,5.0,1.0,29.99,-81.66,SOUTHEAST,2023-09-26
302,2019,September,5,SOUTH CAROLINA,2019-09-05 04:45:00,2019-09-05 04:46:00,0,0,10.00K,0.00K,EF0,0.09,15.0,3.0,33.669,-79.0569,SOUTHEAST,2019-09-05
303,2020,September,18,NORTH CAROLINA,2020-09-18 00:33:00,2020-09-18 00:34:00,0,0,0,0,EF0,0.1,20.0,2.0,35.2594,-76.6066,SOUTHEAST,2020-09-18
304,2019,October,22,NORTH CAROLINA,2019-10-22 11:57:00,2019-10-22 11:59:00,0,0,0.00K,0.00K,EF0,0.26,50.0,8.0,35.481,-80.77,SOUTHEAST,2019-10-22
305,2019,October,20,SOUTH CAROLINA,2019-10-20 00:52:00,2019-10-20 00:55:00,0,0,25.00K,0.00K,EF0,0.87,25.0,1.0,33.681,-78.8975,SOUTHEAST,2019-10-20
306,2022,October,12,GEORGIA,2022-10-12 20:55:00,2022-10-12 20:56:00,0,0,0.00K,0.00K,EF0,0.38,100.0,5.0,31.9825,-82.8483,SOUTHEAST,2022-10-12
307,2019,October,18,FLORIDA,2019-10-18 20:29:00,2019-10-18 20:32:00,0,0,100.00K,0.00K,EF0,0.34,30.0,1.0,27.8397,-82.7913,SOUTHEAST,2019-10-18
308,2023,November,15,FLORIDA,2023-11-15 06:27:00,2023-11-15 06:28:00,0,0,1.50K,0.00K,EF0,0.13,70.0,1.0,24.6918,-81.3726,SOUTHEAST,2023-11-15
309,2019,November,7,ALABAMA,2019-11-07 13:35:00,2019-11-07 13:37:00,0,0,0,0.00K,EF0,0.38,25.0,0.0,30.7248,-88.0548,SOUTHEAST,2019-11-07
310,2021,December,29,ALABAMA,2021-12-29 22:17:00,2021-12-29 22:19:00,0,0,0.00K,0.00K,EF0,1.73,300.0,5.0,33.055,-86.617,SOUTHEAST,2021-12-29
311,2023,December,10,NORTH CAROLINA,2023-12-10 12:28:00,2023-12-10 12:32:00,0,0,0.00K,0.00K,EF1,1.88,250.0,2.0,35.694,-78.652,SOUTHEAST,2023-12-10
312,2019,December,17,ALABAMA,2019-12-17 06:52:00,2019-12-17 06:53:00,0,0,25.00K,0.00K,EF0,0.14,25.0,0.0,31.03,-85.39,SOUTHEAST,2019-12-17
313,2020,December,16,FLORIDA,2020-12-16 16:53:00,2020-12-16 17:05:00,0,0,30.00K,0.00K,EF1,7.09,250.0,2.0,28.061,-82.1662,SOUTHEAST,2020-12-16
314,2023,December,17,SOUTH CAROLINA,2023-12-17 13:16:00,2023-12-17 13:20:00,0,0,200.00K,0.00K,EF1,2.35,150.0,0.0,33.6837,-78.9737,SOUTHEAST,2023-12-17
315,2019,February,17,NEW MEXICO,2019-02-17 15:20:00,2019-02-17 15:27:00,0,0,0.00K,0.00K,EF0,0.24,30.0,26.0,35.8564,-107.315,SOUTHWEST,2019-02-17
316,2020,March,17,NEW MEXICO,2020-03-17 16:21:00,2020-03-17 16:26:00,0,0,0.00K,0.00K,EF0,0.46,100.0,3.0,34.5674,-103.0512,SOUTHWEST,2020-03-17
317,2021,April,27,COLORADO,2021-04-27 15:08:00,2021-04-27 15:18:00,0,0,0.00K,0.00K,EFU,2.04,100.0,16.0,38.6155,-103.1625,SOUTHWEST,2021-04-27
318,2023,May,11,COLORADO,2023-05-11 11:00:00,2023-05-11 11:03:00,0,0,0.00K,0.00K,EF1,2.33,100.0,5.0,39.618,-102.05,SOUTHWEST,2023-05-11
319,2021,May,22,COLORADO,2021-05-22 12:29:00,2021-05-22 12:30:00,0,0,0.00K,0.00K,EF0,0.01,25.0,8.0,40.14,-103.7,SOUTHWEST,2021-05-22
320,2023,May,27,COLORADO,2023-05-27 17:29:00,2023-05-27 17:30:00,0,0,0.00K,0.00K,EFU,0.94,1.0,12.0,38.31,-102.81,SOUTHWEST,2023-05-27
321,2021,May,31,NEW MEXICO,2021-05-31 12:00:00,2021-05-31 12:06:00,0,0,0.00K,0.00K,EF0,0.92,50.0,17.0,33.6918,-106.5524,SOUTHWEST,2021-05-31
322,2021,May,29,COLORADO,2021-05-29 13:30:00,2021-05-29 13:31:00,0,0,0,0,EFU,0.65,20.0,7.0,38.9917,-107.1035,SOUTHWEST,2021-05-29
323,2023,May,31,NEW MEXICO,2023-05-31 15:52:00,2023-05-31 15:59:00,0,0,0.00K,0.00K,EFU,0.4,20.0,3.0,34.64,-105.21,SOUTHWEST,2023-05-31
324,2023,June,21,COLORADO,2023-06-21 17:14:00,2023-06-21 17:15:00,0,0,0.00K,0.00K,EFU,0.79,50.0,3.0,39.8711,-103.1946,SOUTHWEST,2023-06-21
325,2021,June,2,NEW MEXICO,2021-06-02 13:31:00,2021-06-02 13:32:00,0,0,0.00K,0.00K,EF0,1.78,50.0,1.0,35.96,-105.21,SOUTHWEST,2021-06-02
326,2022,June,7,COLORADO,2022-06-07 16:03:00,2022-06-07 16:04:00,0,0,0.00K,0.00K,EFU,0.01,50.0,1.0,40.95,-102.52,SOUTHWEST,2022-06-07
327,2019,June,2,NEW MEXICO,2019-06-02 13:27:00,2019-06-02 13:42:00,0,0,0.00K,0.00K,EF0,4.22,50.0,5.0,34.4808,-105.559,SOUTHWEST,2019-06-02
328,2021,June,17,ARIZONA,2021-06-17 15:31:00,2021-06-17 15:36:00,0,0,0.00K,0.00K,EF0,0.1,10.0,14.0,35.08,-109.18,SOUTHWEST,2021-06-17
329,2020,June,2,COLORADO,2020-06-02 12:31:00,2020-06-02 12:34:00,0,0,0.00K,0.00K,EFU,0.07,30.0,11.0,38.9732,-102.9573,SOUTHWEST,2020-06-02
330,2021,July,14,UTAH,2021-07-14 16:15:00,2021-07-14 16:20:00,0,0,0.00K,0.00K,EFU,0.09,10.0,1.0,39.3491,-110.9613,SOUTHWEST,2021-07-14
331,2023,July,17,ARIZONA,2023-07-17 17:00:00,2023-07-17 17:09:00,0,0,0.00K,0.00K,EF0,5.47,10.0,2.0,34.62,-112.38,SOUTHWEST,2023-07-17
332,2020,July,24,ARIZONA,2020-07-24 10:55:00,2020-07-24 11:03:00,0,0,0.00K,0.00K,EF0,0.98,50.0,4.0,35.222,-113.8609,SOUTHWEST,2020-07-24
333,2021,July,2,ARIZONA,2021-07-02 14:57:00,2021-07-02 15:03:00,0,0,0.00K,0.00K,EFU,0.59,10.0,2.0,32.3085,-110.8445,SOUTHWEST,2021-07-02
334,2023,July,31,COLORADO,2023-07-31 16:46:00,2023-07-31 16:47:00,0,0,0.00K,0.00K,EFU,0.01,25.0,3.0,40.86,-104.82,SOUTHWEST,2023-07-31
335,2019,July,4,COLORADO,2019-07-04 21:41:00,2019-07-04 21:51:00,0,0,0.00K,0.00K,EF0,0.01,25.0,4.0,40.54,-102.36,SOUTHWEST,2019-07-04
336,2023,August,13,ARIZONA,2023-08-13 18:09:00,2023-08-13 18:11:00,0,0,0.00K,0.00K,EF0,0.1,25.0,9.0,32.3209,-111.3535,SOUTHWEST,2023-08-13
337,2020,August,4,COLORADO,2020-08-04 18:56:00,2020-08-04 18:57:00,0,0,0.00K,0.00K,EF0,0.01,50.0,15.0,38.78,-103.93,SOUTHWEST,2020-08-04
338,2019,August,10,ARIZONA,2019-08-10 13:00:00,2019-08-10 13:03:00,0,0,0.00K,0.00K,EF0,0.17,10.0,2.0,32.1153,-111.3196,SOUTHWEST,2019-08-10
339,2019,September,8,COLORADO,2019-09-08 16:41:00,2019-09-08 16:42:00,0,0,0.00K,0.00K,EF0,0.01,25.0,12.0,39.85,-104.69,SOUTHWEST,2019-09-08
340,2019,September,11,COLORADO,2019-09-11 18:00:00,2019-09-11 18:05:00,0,0,0,0,EF2,0.1,75.0,5.0,40.71,-102.95,SOUTHWEST,2019-09-11
341,2022,October,16,ARIZONA,2022-10-16 15:00:00,2022-10-16 15:05:00,0,0,0.00K,0.00K,EF0,0.28,25.0,3.0,33.1997,-111.8819,SOUTHWEST,2022-10-16
342,2023,November,19,ARIZONA,2023-11-19 09:39:00,2023-11-19 09:49:00,0,0,0.00K,0.00K,EF1,2.4,100.0,4.0,34.251,-111.272,SOUTHWEST,2023-11-19
343,2019,December,27,NEW MEXICO,2019-12-27 16:54:00,2019-12-27 17:03:00,0,0,300.00K,0.00K,EF1,4.79,100.0,6.0,34.5798,-103.3425,SOUTHWEST,2019-12-27
344,2023,January,16,IOWA,2023-01-16 14:50:00,2023-01-16 14:51:00,0,0,0,0,EFU,0.85,10.0,3.0,41.915,-91.611,UPPER MIDWEST,2023-01-16
345,2021,March,23,IOWA,2021-03-23 18:19:00,2021-03-23 18:20:00,0,0,0.00K,0.00K,EF0,0.1,30.0,1.0,40.6762,-91.3471,UPPER MIDWEST,2021-03-23
346,2023,April,1,MICHIGAN,2023-04-01 10:03:00,2023-04-01 10:08:00,0,0,25.00K,0.00K,EF0,7.12,75.0,2.0,41.946,-83.711,UPPER MIDWEST,2023-04-01
347,2022,April,23,MINNESOTA,2022-04-23 17:55:00,2022-04-23 17:57:00,0,0,0,0,EF0,0.28,50.0,1.0,47.68,-96.47,UPPER MIDWEST,2022-04-23
348,2019,May,24,IOWA,2019-05-24 17:36:00,2019-05-24 18:04:00,0,0,0.00K,0.00K,EF1,10.76,75.0,2.0,41.5689,-91.7208,UPPER MIDWEST,2019-05-24
349,2021,May,19,MINNESOTA,2021-05-19 18:39:00,2021-05-19 18:40:00,0,0,0.00K,0.00K,EF0,0.3,15.0,6.0,44.1989,-93.3035,UPPER MIDWEST,2021-05-19
350,2022,May,30,IOWA,2022-05-30 01:21:00,2022-05-30 01:22:00,0,0,0,0,EF0,0.54,60.0,0.0,43.2737,-96.233,UPPER MIDWEST,2022-05-30
351,2022,May,25,WISCONSIN,2022-05-25 17:45:00,2022-05-25 17:55:00,0,0,40.00K,0.00K,EF0,3.48,50.0,5.0,42.5392,-89.1377,UPPER MIDWEST,2022-05-25
352,2022,May,19,WISCONSIN,2022-05-19 19:20:00,2022-05-19 19:21:00,0,0,90.00K,0.00K,EF0,0.28,60.0,4.0,43.8881,-90.7469,UPPER MIDWEST,2022-05-19
353,2019,May,27,IOWA,2019-05-27 12:36:00,2019-05-27 12:37:00,0,0,0.00K,0.00K,EF1,0.53,20.0,1.0,40.7793,-91.61,UPPER MIDWEST,2019-05-27
354,2020,June,8,MINNESOTA,2020-06-08 18:17:00,2020-06-08 18:32:00,0,0,6.00K,0,EF1,9.0,300.0,3.0,48.38,-96.16,UPPER MIDWEST,2020-06-08
355,2021,June,26,MICHIGAN,2021-06-26 14:31:00,2021-06-26 14:33:00,0,0,100.00K,0.00K,EF0,2.42,25.0,1.0,42.9329,-86.062,UPPER MIDWEST,2021-06-26
356,2021,June,20,IOWA,2021-06-20 17:40:00,2021-06-20 17:44:00,0,0,10.00K,0.00K,EF1,1.47,150.0,2.0,41.4284,-92.9735,UPPER MIDWEST,2021-06-20
357,2022,June,20,MINNESOTA,2022-06-20 18:17:00,2022-06-20 18:23:00,0,0,0,0,EF1,4.87,150.0,1.0,47.22,-96.2,UPPER MIDWEST,2022-06-20
358,2019,June,14,WISCONSIN,2019-06-14 17:54:00,2019-06-14 18:36:00,0,0,0.00K,0.00K,EF0,17.4,50.0,5.0,45.55,-90.67,UPPER MIDWEST,2019-06-14
359,2020,June,28,MINNESOTA,2020-06-28 19:37:00,2020-06-28 19:42:00,0,0,2.00K,0.00K,EF0,0.72,25.0,1.0,44.0015,-91.8063,UPPER MIDWEST,2020-06-28
360,2020,July,18,MINNESOTA,2020-07-18 00:17:00,2020-07-18 00:19:00,0,0,0.00K,0.00K,EF0,1.26,75.0,0.0,45.6716,-93.1011,UPPER MIDWEST,2020-07-18
361,2022,July,11,MICHIGAN,2022-07-11 22:33:00,2022-07-11 22:35:00,0,0,35.00K,0.00K,EF0,1.3,40.0,1.0,42.8425,-83.7125,UPPER MIDWEST,2022-07-11
362,2019,July,28,MINNESOTA,2019-07-28 14:36:00,2019-07-28 14:42:00,0,0,0.00K,0.00K,EF1,2.63,440.0,2.0,44.8828,-94.1691,UPPER MIDWEST,2019-07-28
363,2019,July,28,WISCONSIN,2019-07-28 17:41:00,2019-07-28 17:42:00,0,0,0.00K,0.00K,EF0,0.43,25.0,3.0,45.329,-91.7909,UPPER MIDWEST,2019-07-28
364,2022,July,23,IOWA,2022-07-23 22:44:00,2022-07-23 22:46:00,0,0,60.00K,0.00K,EF1,1.46,90.0,3.0,43.2628,-91.5287,UPPER MIDWEST,2022-07-23
365,2023,July,14,MICHIGAN,2023-07-14 14:24:00,2023-07-14 14:35:00,0,0,0.00K,0.00K,EF0,3.84,475.0,1.0,43.35,-82.601,UPPER MIDWEST,2023-07-14
366,2022,July,7,IOWA,2022-07-07 16:17:00,2022-07-07 16:19:00,0,0,0.00K,0.00K,EFU,0.33,20.0,1.0,42.4824,-93.1664,UPPER MIDWEST,2022-07-07
367,2022,July,5,IOWA,2022-07-05 20:00:00,2022-07-05 20:01:00,0,0,0.00K,0.00K,EFU,0.68,20.0,1.0,42.4764,-91.7577,UPPER MIDWEST,2022-07-05
368,2022,August,27,MINNESOTA,2022-08-27 19:36:00,2022-08-27 19:38:00,0,0,500.00K,0.00K,EF0,0.85,100.0,3.0,44.7152,-93.2642,UPPER MIDWEST,2022-08-27
369,2021,August,11,WISCONSIN,2021-08-11 13:14:00,2021-08-11 13:22:00,0,0,0.00K,0.00K,EF0,2.27,75.0,1.0,44.6749,-88.245,UPPER MIDWEST,2021-08-11
370,2020,August,9,MICHIGAN,2020-08-09 20:20:00,2020-08-09 20:25:00,0,0,70.00K,0.00K,EF0,1.03,250.0,5.0,45.9899,-88.6695,UPPER MIDWEST,2020-08-09
371,2019,August,5,IOWA,2019-08-05 21:07:00,2019-08-05 21:08:00,0,0,0.00K,0.00K,EF1,0.3,50.0,3.0,42.3863,-90.7796,UPPER MIDWEST,2019-08-05
372,2021,August,27,IOWA,2021-08-27 16:57:00,2021-08-27 17:11:00,0,0,280.00K,40.00K,EF1,6.38,300.0,1.0,42.9635,-92.8968,UPPER MIDWEST,2021-08-27
373,2023,August,14,IOWA,2023-08-14 12:25:00,2023-08-14 12:28:00,0,0,0.00K,0.00K,EFU,1.23,20.0,3.0,42.3382,-90.9879,UPPER MIDWEST,2023-08-14
374,2019,August,13,MINNESOTA,2019-08-13 13:25:00,2019-08-13 13:25:00,0,0,0.00K,10.00K,EF0,0.25,100.0,1.0,46.28,-95.44,UPPER MIDWEST,2019-08-13
375,2023,September,23,MINNESOTA,2023-09-23 15:14:00,2023-09-23 15:15:00,0,0,0.00K,0.00K,EFU,0.25,25.0,4.0,45.08,-96.11,UPPER MIDWEST,2023-09-23
376,2019,September,22,IOWA,2019-09-22 00:03:00,2019-09-22 00:04:00,0,0,0.00K,0.10K,EFU,0.76,25.0,2.0,41.7723,-93.3182,UPPER MIDWEST,2019-09-22
377,2023,September,29,MINNESOTA,2023-09-29 18:48:00,2023-09-29 18:49:00,0,0,0.00K,0.00K,EF0,0.69,25.0,4.0,45.1051,-93.8302,UPPER MIDWEST,2023-09-29
378,2019,September,2,MINNESOTA,2019-09-02 20:47:00,2019-09-02 20:49:00,0,0,250.00K,0.00K,EF1,1.04,90.0,2.0,45.0516,-94.1122,UPPER MIDWEST,2019-09-02
379,2019,October,1,IOWA,2019-10-01 14:35:00,2019-10-01 14:35:00,0,0,0.00K,0.00K,EFU,0.01,50.0,3.0,40.76,-95.32,UPPER MIDWEST,2019-10-01
380,2022,October,12,WISCONSIN,2022-10-12 10:48:00,2022-10-12 10:50:00,0,0,0.00K,0.00K,EF0,0.61,50.0,1.0,43.1017,-88.3812,UPPER MIDWEST,2022-10-12
381,2019,November,30,IOWA,2019-11-30 16:04:00,2019-11-30 16:05:00,0,0,0.00K,0.00K,EFU,0.53,20.0,3.0,41.7142,-94.4399,UPPER MIDWEST,2019-11-30
382,2021,December,15,WISCONSIN,2021-12-15 20:19:00,2021-12-15 20:21:00,0,0,25.00K,0.00K,EF1,2.55,40.0,6.0,44.023,-91.552,UPPER MIDWEST,2021-12-15
383,2023,January,14,CALIFORNIA,2023-01-14 14:00:00,2023-01-14 14:02:00,0,0,25.00K,0.00K,EF0,0.3,50.0,2.0,38.32,-121.14,WEST,2023-01-14
384,2023,February,23,CALIFORNIA,2023-02-23 11:30:00,2023-02-23 11:35:00,0,0,0.00K,0.00K,EF0,0.07,15.0,2.0,33.91,-117.98,WEST,2023-02-23
385,2023,March,21,CALIFORNIA,2023-03-21 16:45:00,2023-03-21 16:47:00,1,0,0.00K,0.00K,EF0,0.24,25.0,2.0,34.42,-119.54,WEST,2023-03-21
386,2019,April,22,CALIFORNIA,2019-04-22 15:00:00,2019-04-22 16:00:00,0,0,0.00K,0.00K,EFU,0.31,50.0,4.0,32.6965,-116.5286,WEST,2019-04-22
387,2019,May,22,NEVADA,2019-05-22 11:30:00,2019-05-22 11:35:00,0,0,0.00K,0.00K,EF0,0.16,25.0,2.0,36.232,-116.0175,WEST,2019-05-22
388,2023,June,5,NEVADA,2023-06-05 15:25:00,2023-06-05 16:25:00,0,0,0.00K,0.00K,EFU,0.5,500.0,6.0,41.03,-114.84,WEST,2023-06-05
389,2021,August,13,NEVADA,2021-08-13 16:15:00,2021-08-13 16:15:00,0,0,0.00K,0.00K,EF0,0.1,15.0,6.0,40.67,-115.67,WEST,2021-08-13
390,2019,September,28,CALIFORNIA,2019-09-28 16:37:00,2019-09-28 16:50:00,0,0,0.00K,0.00K,EF0,1.7,1.0,2.0,38.579,-121.75,WEST,2019-09-28
391,2022,October,8,CALIFORNIA,2022-10-08 13:25:00,2022-10-08 14:32:00,0,0,0,0,EF0,1.56,50.0,5.0,33.7,-117.213,WEST,2022-10-08
392,2022,November,8,CALIFORNIA,2022-11-08 13:40:00,2022-11-08 13:45:00,0,0,0,0.00K,EF0,0.8,400.0,1.0,38.33,-121.32,WEST,2022-11-08
393,2023,December,19,CALIFORNIA,2023-12-19 17:40:00,2023-12-19 17:42:00,0,0,17.00K,0.00K,EF1,0.36,90.0,1.0,39.8043,-121.8366,WEST,2023-12-19
